<!-- -*- mode: XML -*- -->
<launch>
  <arg name="racecar_version" default="racecar-v2" />
  <arg name="run_camera" default="false"/>

    <!-- joystick node -->
  <!-- <include file="$(find racecar)/launch/includes/common/joy_teleop.launch.xml" >
    <arg name="racecar_version" value="$(arg racecar_version)" />
  </include> -->

  <!-- Spawn MUXs -->
  <include file="$(find racecar)/launch/mux.launch" />

  <!-- start electronic speed controller driver -->
  <include file="$(find racecar)/launch/includes/$(arg racecar_version)/vesc.launch.xml" >
    <arg name="racecar_version" value="$(arg racecar_version)" />
  </include>

  <!-- static transforms, e.g. base_link to imu -->
  <!-- <include file="$(find racecar)/launch/includes/$(arg racecar_version)/static_transforms.launch.xml" /> -->

</launch>
